year,profit,quantity
2014,49543.97410000005,7581
2015,61618.60370000008,7979
2016,81795.17430000017,9837
2017,93439.26959999997,12476
