region,profit
West,108418.44890000016
East,91522.78000000026
South,46749.430300000065
Central,39706.36249999998
